1,Liam,19777,Olivia,17641,
2,Noah,18364,Emma,15656,
3,Oliver,14234,Ava,13160,
4,Elijah,13136,Charlotte,13065,
5,William,12613,Sophia,13036,
6,James,12343,Amelia,12767,
7,Benjamin,12209,Isabella,12158,
8,Lucas,11344,Mia,11217,
9,Henry,10765,Evelyn,9490,
10,Alexander,10224,Harper,8821,
11,Mason,10075,Camila,8148,
12,Michael,9783,Abigail,7874,
13,Ethan,9521,Gianna,7872,
14,Daniel,9477,Luna,7818,
15,Jacob,9257,Ella,7341,
16,Logan,9127,Elizabeth,7267,
17,Jackson,9102,Sofia,6969,
18,Levi,9058,Emily,6899,
19,Sebastian,8989,Avery,6727,
20,Mateo,8967,Mila,6625,
21,Jack,8916,Scarlett,6502,
22,Owen,8651,Eleanor,6366,
23,Theodore,8619,Madison,6225,
24,Aiden,8588,Layla,6206,
25,Samuel,8557,Penelope,6131,
26,Joseph,8430,Chloe,6128,
27,John,8236,Aria,6127,
28,David,8227,Grace,5598,
29,Wyatt,8183,Ellie,5587,
30,Matthew,8105,Nora,5572,
31,Luke,7760,Hazel,5490,
32,Asher,7668,Zoey,5363,
33,Carter,7552,Riley,5323,
34,Julian,7531,Victoria,5282,
35,Grayson,7461,Lily,5227,
36,Leo,7202,Aurora,5223,
37,Jayden,7141,Violet,5114,
38,Gabriel,7133,Nova,4979,
39,Isaac,7116,Hannah,4946,
40,Lincoln,7034,Zoe,4779,
41,Anthony,7000,Emilia,4771,
42,Dylan,6841,Stella,4653,
43,Hudson,6834,Everly,4617,
44,Ezra,6803,Isla,4564,
45,Thomas,6427,Leah,4513,
46,Charles,6223,Lillian,4486,
47,Christopher,6174,Addison,4485,
48,Jaxon,6133,Willow,4377,
49,Josiah,6122,Lucy,4358,
50,Maverick,6114,Paisley,4353,
51,Isaiah,6051,Natalie,4280,
52,Andrew,6036,Naomi,4096,
53,Joshua,5976,Eliana,4070,
54,Elias,5969,Brooklyn,4012,
55,Nathan,5682,Elena,3920,
56,Caleb,5587,Aubrey,3903,
57,Ryan,5316,Claire,3832,
58,Adrian,5292,Ivy,3823,
59,Miles,5287,Kinsley,3761,
60,Eli,5248,Audrey,3755,
61,Nolan,5188,Maya,3724,
62,Aaron,5077,Genesis,3677,
63,Christian,5076,Skylar,3627,
64,Ezekiel,5058,Bella,3611,
65,Cameron,5041,Aaliyah,3569,
66,Colton,5009,Madelyn,3537,
67,Luca,4816,Savannah,3533,
68,Hunter,4766,Anna,3496,
69,Landon,4763,Delilah,3404,
70,Jonathan,4726,Serenity,3397,
71,Santiago,4674,Caroline,3358,
72,Axel,4652,Kennedy,3352,
73,Easton,4636,Valentina,3343,
74,Cooper,4582,Ruby,3322,
75,Jeremiah,4556,Sophie,3306,
76,Angel,4507,Alice,3279,
77,Roman,4475,Gabriella,3225,
78,Connor,4402,Sadie,3193,
79,Jameson,4386,Ariana,3157,
80,Robert,4376,Allison,3150,
81,Greyson,4353,Hailey,3143,
82,Jordan,4260,Autumn,3127,
83,Ian,4255,Nevaeh,3103,
84,Carson,4181,Natalia,3073,
85,Jaxson,4162,Quinn,3072,
86,Leonardo,4095,Sarah,3054,
87,Nicholas,4050,Josephine,3048,
88,Dominic,4005,Cora,3026,
89,Everett,4000,Emery,2975,
90,Austin,3999,Samantha,2945,
91,Xavier,3876,Piper,2892,
92,Brooks,3865,Leilani,2876,
93,Kai,3844,Eva,2838,
94,Jose,3838,Everleigh,2814,
95,Parker,3805,Lydia,2793,
96,Jace,3771,Madeline,2788,
97,Adam,3763,Jade,2737,
98,Wesley,3695,Peyton,2721,
99,Kayden,3633,Adeline,2711,
100,Silas,3628,Brielle,2709,
101,Bennett,3595,Vivian,2697,
102,Declan,3592,Rylee,2690,
103,Waylon,3575,Clara,2686,
104,Weston,3416,Raelynn,2604,
105,Evan,3408,Melanie,2521,
106,Emmett,3396,Melody,2512,
107,Micah,3390,Julia,2501,
108,Ryder,3354,Athena,2499,
109,Beau,3333,Maria,2477,
110,Damian,3331,Liliana,2471,
111,Brayden,3277,Hadley,2422,
112,Gael,3256,Rose,2370,
113,Rowan,3248,Arya,2368,
114,Harrison,3211,Reagan,2367,
115,Bryson,3200,Eliza,2347,
116,Sawyer,3180,Adalynn,2336,
117,Amir,3170,Kaylee,2329,
118,Kingston,3158,Lyla,2302,
119,Jason,3090,Mackenzie,2291,
120,Giovanni,3042,Alaia,2274,
121,Vincent,3034,Isabelle,2242,
122,Ayden,3003,Charlie,2228,
123,Chase,2981,Mary,2210,
124,Myles,2946,Arianna,2200,
125,Nathaniel,2907,Remi,2199,
126,Diego,2902,Margaret,2190,
127,Legend,2830,Iris,2172,
128,Jonah,2805,Parker,2143,
129,River,2803,Ximena,2031,
130,Tyler,2782,Eden,2030,
131,Braxton,2768,Ayla,2022,
132,Milo,2764,Kylie,2014,
133,Cole,2763,Elliana,2011,
134,George,2761,Josie,1994,
135,Zachary,2715,Katherine,1985,
136,Ashton,2705,Faith,1981,
137,Luis,2695,Eloise,1959,
138,Jasper,2631,Alexandra,1958,
139,Kaiden,2611,Adalyn,1930,
140,Adriel,2606,Amaya,1928,
141,Gavin,2584,Jasmine,1924,
142,Bentley,2567,Amara,1913,
143,Calvin,2531,Daisy,1886,
144,Zion,2520,Valerie,1877,
145,Juan,2515,Reese,1875,
146,Maxwell,2506,Brianna,1871,
147,Max,2472,Cecilia,1850,
148,Ryker,2469,Esther,1819,
149,Carlos,2462,Valeria,1812,
150,Emmanuel,2458,Andrea,1810,
151,Jayce,2455,Summer,1809,
152,Lorenzo,2453,Norah,1807,
153,Ivan,2432,Ariella,1797,
154,Jude,2428,Ashley,1796,
155,August,2423,Emerson,1786,
156,Malachi,2375,Aubree,1782,
157,Kevin,2371,Isabel,1767,
158,Elliott,2361,Anastasia,1759,
159,Rhett,2349,Ryleigh,1753,
160,Archer,2342,Lucia,1742,
161,Karter,2337,Khloe,1741,
162,Luka,2334,Londyn,1737,
163,Arthur,2331,Taylor,1735,
164,Elliot,2314,Emersyn,1722,
165,Camden,2300,Callie,1719,
166,Brandon,2299,Sienna,1719,
167,Thiago,2299,Blakely,1707,
168,Justin,2296,Kehlani,1706,
169,Jesus,2288,Genevieve,1700,
170,Maddox,2283,Alina,1692,
171,King,2251,Juniper,1669,
172,Theo,2221,Bailey,1663,
173,Matteo,2212,Maeve,1644,
174,Enzo,2211,Molly,1638,
175,Emiliano,2199,Harmony,1629,
176,Dean,2161,Magnolia,1609,
177,Hayden,2154,Georgia,1605,
178,Finn,2145,Freya,1596,
179,Brody,2138,Catalina,1592,
180,Antonio,2133,Juliette,1589,
181,Abel,2119,Sloane,1583,
182,Alex,2111,June,1575,
183,Tristan,2111,Sara,1571,
184,Judah,2095,Kimberly,1556,
185,Graham,2092,Ada,1555,
186,Zayden,2091,River,1554,
187,Xander,2051,Ember,1530,
188,Atlas,2049,Aliyah,1520,
189,Miguel,2047,Juliana,1519,
190,Messiah,2025,Millie,1501,
191,Tucker,2008,Teagan,1495,
192,Barrett,2007,Brynlee,1494,
193,Timothy,2000,Jordyn,1491,
194,Alan,1964,London,1488,
195,Edward,1946,Morgan,1487,
196,Leon,1917,Olive,1486,
197,Dawson,1916,Alaina,1484,
198,Eric,1912,Rosalie,1472,
199,Ace,1910,Alyssa,1465,
200,Victor,1897,Ariel,1459,
201,Abraham,1894,Finley,1439,
202,Nicolas,1884,Arabella,1430,
203,Jesse,1874,Journee,1423,
204,Charlie,1868,Hope,1418,
205,Patrick,1858,Leila,1405,
206,Walker,1857,Alana,1395,
207,Joel,1837,Gemma,1382,
208,Richard,1822,Vanessa,1377,
209,Blake,1808,Gracie,1376,
210,Beckett,1806,Noelle,1372,
211,Alejandro,1788,Marley,1363,
212,Avery,1784,Elise,1361,
213,Grant,1768,Presley,1355,
214,Oscar,1759,Kamila,1345,
215,Peter,1756,Amy,1335,
216,Matias,1752,Kayla,1333,
217,Amari,1728,Zara,1333,
218,Lukas,1705,Payton,1327,
219,Andres,1697,Ruth,1323,
220,Arlo,1690,Blake,1318,
221,Colt,1681,Annabelle,1314,
222,Steven,1675,Sage,1312,
223,Adonis,1674,Alani,1311,
224,Kyrie,1668,Aspen,1303,
225,Felix,1663,Rachel,1300,
226,Marcus,1642,Laila,1299,
227,Holden,1641,Trinity,1297,
228,Preston,1639,Lila,1295,
229,Emilio,1623,Alexa,1281,
230,Remington,1616,Daniela,1281,
231,Kaleb,1602,Lilly,1278,
232,Jeremy,1600,Lauren,1273,
233,Brantley,1575,Elsie,1267,
234,Bryce,1565,Margot,1267,
235,Mark,1549,Zuri,1262,
236,Israel,1527,Adelyn,1259,
237,Knox,1525,Brooke,1259,
238,Phoenix,1519,Sawyer,1258,
239,Kobe,1505,Lola,1255,
240,Nash,1495,Lilah,1251,
241,Griffin,1488,Sydney,1242,
242,Caden,1480,Selena,1238,
243,Kenneth,1477,Mya,1236,
244,Kyler,1461,Diana,1230,
245,Hayes,1446,Ana,1226,
246,Jax,1419,Vera,1213,
247,Rafael,1419,Alayna,1212,
248,Beckham,1409,Nyla,1208,
249,Javier,1404,Elaina,1205,
250,Simon,1404,Rebecca,1203,
251,Maximus,1401,Angela,1187,
252,Paul,1397,Kali,1180,
253,Kaden,1385,Alivia,1179,
254,Omar,1383,Phoebe,1178,
255,Kash,1374,Rowan,1178,
256,Lane,1367,Evangeline,1171,
257,Bryan,1358,Raegan,1171,
258,Riley,1358,Camilla,1169,
259,Zane,1352,Joanna,1169,
260,Louis,1331,Dakota,1168,
261,Aidan,1325,Jane,1168,
262,Paxton,1294,Camille,1167,
263,Maximiliano,1287,Brooklynn,1166,
264,Karson,1283,Malia,1166,
265,Cash,1282,Vivienne,1165,
266,Tobias,1278,Nicole,1160,
267,Emerson,1275,Catherine,1152,
268,Cayden,1274,Miriam,1146,
269,Ronan,1259,Jocelyn,1142,
270,Brian,1258,Julianna,1140,
271,Dallas,1258,Lena,1138,
272,Bradley,1232,Mariana,1136,
273,Walter,1231,Lucille,1135,
274,Jorge,1227,Paige,1134,
275,Khalil,1226,Adelaide,1133,
276,Josue,1225,Mckenzie,1133,
277,Damien,1209,Myla,1132,
278,Jett,1208,Mckenna,1131,
279,Kairo,1192,Charlee,1130,
280,Andre,1189,Tessa,1128,
281,Zander,1187,Kailani,1127,
282,Crew,1185,Oakley,1126,
283,Hendrix,1185,Alayah,1123,
284,Cohen,1181,Amira,1122,
285,Chance,1178,Adaline,1111,
286,Colin,1175,Phoenix,1109,
287,Malakai,1174,Harley,1108,
288,Clayton,1170,Milani,1100,
289,Daxton,1167,Annie,1097,
290,Malcolm,1167,Angelina,1096,
291,Lennox,1166,Lia,1094,
292,Jaden,1164,Hayden,1086,
293,Martin,1163,Fiona,1085,
294,Kayson,1158,Cali,1084,
295,Bodhi,1148,Leia,1084,
296,Francisco,1143,Maggie,1084,
297,Cody,1126,Briella,1077,
298,Erick,1119,Journey,1077,
299,Kameron,1114,Lennon,1072,
300,Atticus,1110,Saylor,1068,
301,Dante,1106,Jayla,1067,
302,Jensen,1099,Kaia,1067,
303,Cruz,1096,Thea,1064,
304,Brady,1086,Mariah,1061,
305,Finley,1086,Adriana,1059,
306,Anderson,1079,Juliet,1034,
307,Joaquin,1077,Oaklynn,1034,
308,Gunner,1064,Kiara,1032,
309,Muhammad,1060,Aniyah,1026,
310,Derek,1058,Haven,1026,
311,Zayn,1057,Alexis,1025,
312,Raymond,1055,Delaney,1018,
313,Kyle,1053,Gracelynn,1017,
314,Angelo,1048,Kendall,1015,
315,Reid,1045,Winter,1005,
316,Spencer,1044,Lilith,999,
317,Nico,1035,Logan,998,
318,Prince,1034,Amiyah,995,
319,Jake,1033,Evie,985,
320,Jaylen,1032,Alexandria,979,
321,Gideon,1024,Gracelyn,966,
322,Stephen,1020,Gabriela,960,
323,Manuel,1016,Sutton,959,
324,Ali,1013,Harlow,958,
325,Orion,1012,Makayla,950,
326,Ellis,1009,Madilyn,946,
327,Rylan,1001,Evelynn,942,
328,Eduardo,999,Nina,939,
329,Mario,995,Gia,937,
330,Rory,994,Amina,935,
331,Odin,988,Giselle,933,
332,Cristian,987,Amari,930,
333,Tanner,979,Brynn,929,
334,Callum,966,Blair,924,
335,Julius,964,Michelle,922,
336,Sean,962,Octavia,921,
337,Ricardo,961,Talia,920,
338,Kane,960,Demi,911,
339,Travis,959,Kaylani,911,
340,Wade,943,Alaya,910,
341,Fernando,937,Izabella,908,
342,Titus,936,Fatima,907,
343,Warren,935,Tatum,900,
344,Leonel,929,Makenzie,896,
345,Edwin,927,Lilliana,895,
346,Corbin,918,Palmer,887,
347,Cairo,917,Arielle,886,
348,Dakota,912,Melissa,885,
349,Ismael,904,Willa,884,
350,Major,902,Samara,882,
351,Colson,900,Destiny,881,
352,Killian,897,Dahlia,871,
353,Tate,895,Rylie,871,
354,Gianni,890,Celeste,869,
355,Elian,869,Ainsley,868,
356,Remy,869,Laura,866,
357,Lawson,867,Reign,866,
358,Niko,867,Gabrielle,863,
359,Nasir,862,Adelynn,860,
360,Armani,860,Wren,858,
361,Ezequiel,859,Remington,856,
362,Kade,857,Brinley,850,
363,Desmond,856,Amora,849,
364,Hector,852,Collins,845,
365,Garrett,850,Lainey,844,
366,Marshall,850,Aitana,843,
367,Kason,848,Lexi,843,
368,Jared,843,Alessandra,841,
369,Russell,841,Elle,837,
370,Cyrus,839,Kenzie,835,
371,Cesar,838,Raelyn,832,
372,Tyson,832,Everlee,828,
373,Malik,831,Haisley,827,
374,Donovan,826,Hallie,825,
375,Jaxton,825,Daleyza,822,
376,Cade,821,Wynter,820,
377,Romeo,815,Gwendolyn,818,
378,Nehemiah,813,Paislee,810,
379,Sergio,808,Anaya,807,
380,Iker,805,Ariyah,807,
381,Caiden,799,Avianna,806,
382,Jay,799,Heidi,805,
383,Pablo,796,Veronica,805,
384,Devin,795,Cataleya,804,
385,Kamari,793,Kira,804,
386,Clark,792,Felicity,803,
387,Otto,792,Miracle,803,
388,Jeffrey,791,Aylin,799,
389,Johnny,790,Sabrina,798,
390,Ronin,790,Ophelia,794,
391,Ari,787,Elianna,792,
392,Marco,785,Lana,792,
393,Edgar,784,Royalty,789,
394,Bowen,774,Esmeralda,786,
395,Zayne,773,Joy,785,
396,Jaiden,771,Madeleine,783,
397,Grady,768,Esme,781,
398,Sullivan,768,Kalani,781,
399,Jayceon,767,Jessica,777,
400,Sterling,763,Ariah,776,
401,Andy,751,Leighton,776,
402,Conor,744,Makenna,773,
403,Raiden,744,Nylah,772,
404,Solomon,740,Stevie,769,
405,Royal,737,Luciana,768,
406,Royce,729,Camryn,767,
407,Trevor,728,Dream,766,
408,Winston,724,Cassidy,764,
409,Emanuel,722,Viviana,764,
410,Finnegan,720,Maisie,763,
411,Pedro,719,Kate,762,
412,Luciano,717,Lyric,762,
413,Princeton,715,Daniella,758,
414,Troy,715,Daphne,749,
415,Franklin,714,Alicia,747,
416,Harvey,712,Paris,743,
417,Noel,712,Frances,740,
418,Johnathan,710,Raven,740,
419,Oakley,709,Charli,738,
420,Erik,708,Bianca,725,
421,Rhys,708,Serena,725,
422,Fabian,706,Hattie,724,
423,Hugo,705,Heaven,723,
424,Porter,702,Nayeli,723,
425,Frank,694,Helen,721,
426,Wilder,693,Averie,716,
427,Kendrick,691,Mabel,716,
428,Damon,690,Selah,716,
429,Mathias,690,Allie,712,
430,Milan,690,Jennifer,708,
431,Matthias,688,Marlee,708,
432,Peyton,684,Kinley,706,
433,Callan,683,Carmen,705,
434,Gregory,683,Regina,704,
435,Seth,682,Maren,702,
436,Roberto,676,Jordan,699,
437,Sage,676,Kayleigh,699,
438,Briggs,675,Stephanie,698,
439,Quinn,675,Alison,697,
440,Conner,674,Rosemary,697,
441,Ibrahim,673,Angel,696,
442,Santino,671,Annalise,696,
443,Kashton,670,Jacqueline,693,
444,Kolton,670,Emory,692,
445,Zyaire,667,Amanda,690,
446,Alijah,665,Braelynn,689,
447,Dominick,664,Scarlet,688,
448,Apollo,661,Danielle,683,
449,Kylo,659,Astrid,682,
450,Philip,658,Ryan,682,
451,Kian,656,Carolina,681,
452,Reed,656,Emelia,681,
453,Shawn,655,Shiloh,680,
454,Kaison,652,Kensley,677,
455,Lucca,650,Maci,676,
456,Memphis,649,Francesca,673,
457,Leonidas,648,Poppy,673,
458,Ayaan,645,Rory,672,
459,Baylor,644,Kamryn,670,
460,Ford,644,Zariah,669,
461,Kyson,642,Celine,668,
462,Uriel,637,Liana,667,
463,Allen,636,Maliyah,665,
464,Forrest,636,Keira,663,
465,Collin,635,Noa,660,
466,Ruben,634,Skyler,660,
467,Archie,633,Skye,659,
468,Dalton,633,Nadia,655,
469,Esteban,632,Addilyn,650,
470,Adan,630,Eve,650,
471,Isaias,630,Rosie,650,
472,Leland,630,Sarai,650,
473,Dax,629,Edith,649,
474,Jase,626,Jolene,646,
475,Alonzo,625,Maddison,645,
476,Kasen,624,Meadow,642,
477,Gage,622,Charleigh,639,
478,Kamden,622,Matilda,636,
479,Marcos,621,Holly,634,
480,Jamison,618,Madelynn,633,
481,Francis,616,Leona,632,
482,Hank,616,Azalea,631,
483,Alexis,615,Elliott,631,
484,Tripp,610,Katie,631,
485,Jonas,606,Ari,630,
486,Frederick,605,Mira,629,
487,Stetson,602,Danna,624,
488,Cassius,598,Kaitlyn,623,
489,Izaiah,598,Cameron,621,
490,Eden,596,Bristol,620,
491,Maximilian,595,Kyla,620,
492,Rocco,595,Kora,619,
493,Tatum,594,Armani,618,
494,Keegan,590,Nia,617,
495,Aziel,589,Remy,616,
496,Bruce,585,Dylan,614,
497,Lewis,585,Malani,614,
498,Moses,585,Maia,613,
499,Augustus,583,Dior,609,
500,Braylen,581,Legacy,605,
501,Omari,580,Shelby,603,
502,Pierce,579,Alessia,601,
503,Enrique,578,Lorelei,600,
504,Mack,578,Maryam,600,
505,Armando,576,Sylvia,600,
506,Asa,568,Yaretzi,599,
507,Moises,565,Madilynn,595,
508,Shane,563,Abby,594,
509,Soren,562,Elisa,594,
510,Raphael,559,Renata,593,
511,Emmitt,557,Helena,591,
512,Zaiden,557,Jimena,590,
513,Dorian,556,Carter,587,
514,Keanu,555,Amber,586,
515,Kieran,555,Aviana,585,
516,Abdiel,552,Emmy,584,
517,Deacon,552,Haley,583,
518,Moshe,551,Alondra,582,
519,Phillip,550,April,581,
520,Ryland,549,Elaine,581,
521,Casey,547,Erin,581,
522,Zachariah,547,Kennedi,578,
523,Albert,543,Imani,577,
524,Baker,542,Emely,576,
525,Zaire,542,Lorelai,574,
526,Denver,540,Hanna,570,
527,Gunnar,540,Kelsey,569,
528,Jayson,539,Aurelia,568,
529,Kylan,538,Colette,568,
530,Corey,537,Kathryn,566,
531,Drew,536,Jaliyah,565,
532,Jasiah,529,Macie,564,
533,Callen,526,Kylee,563,
534,Drake,526,Dorothy,562,
535,Braylon,525,Aisha,561,
536,Kannon,525,Charley,561,
537,Quentin,525,Sierra,560,
538,Bo,524,Adelina,559,
539,Huxley,523,Adley,558,
540,Sonny,523,Miranda,555,
541,Wells,521,Ailani,554,
542,Cannon,520,Monroe,554,
543,Santana,520,Alejandra,550,
544,Kenzo,519,Jada,550,
545,Rowen,519,Amirah,549,
546,Nikolai,518,Mikayla,549,
547,Jalen,517,Jazlyn,548,
548,Makai,517,Jenna,544,
549,Conrad,516,Jayleen,540,
550,Julio,516,Lyra,540,
551,Benson,513,Beatrice,538,
552,Derrick,513,Kendra,537,
553,Davis,510,Nola,537,
554,Gerardo,510,Mckinley,534,
555,Abram,509,Emberly,533,
556,Mohamed,507,Myra,533,
557,Raul,503,Antonella,526,
558,Ronald,502,Katalina,526,
559,Arjun,501,Alanna,523,
560,Dexter,498,Zelda,523,
561,Jaime,497,Priscilla,522,
562,Kaysen,497,Amaia,521,
563,Ariel,495,Kaliyah,521,
564,Lawrence,495,Mallory,520,
565,Danny,494,Alma,518,
566,Scott,494,Itzel,518,
567,Samson,493,Oaklyn,518,
568,Skyler,491,Briar,517,
569,Chandler,489,Novah,516,
570,Roland,488,Amalia,513,
571,Yusuf,487,Fernanda,510,
572,Zain,484,Elliot,509,
573,Roy,483,Alia,508,
574,Saint,483,Angelica,508,
575,Case,482,Cecelia,508,
576,Saul,482,Gloria,508,
577,Rodrigo,481,Justice,508,
578,Jaziel,479,Mae,508,
579,Boone,478,Cheyenne,505,
580,Hezekiah,478,Ariya,504,
581,Sutton,478,Virginia,504,
582,Arturo,474,Henley,499,
583,Koa,473,Meredith,499,
584,Jamari,472,Aleah,498,
585,Julien,471,Jemma,498,
586,Jaxtyn,470,Lennox,494,
587,Reece,470,Leyla,494,
588,Alec,469,Frankie,493,
589,Koda,469,Zahra,493,
590,Landen,469,Ensley,492,
591,Sylas,468,Reina,492,
592,Darius,466,Reyna,491,
593,Boston,462,Lylah,489,
594,Ares,461,Nalani,489,
595,Kyree,459,Aleena,486,
596,Taylor,459,Leslie,486,
597,Keith,458,Saige,486,
598,Edison,457,Ivanna,485,
599,Johan,457,Emerie,483,
600,Shepherd,457,Ivory,483,
601,Sincere,453,Ashlyn,482,
602,Watson,453,Clementine,482,
603,Jerry,451,Alora,481,
604,Marvin,451,Bethany,480,
605,Nikolas,451,Bonnie,480,
606,Quincy,451,Sasha,480,
607,Axton,449,Xiomara,478,
608,Finnley,449,Salem,477,
609,Brycen,448,Dayana,476,
610,Donald,448,Briana,475,
611,Dariel,447,Adrianna,474,
612,Bodie,446,Christina,474,
613,Onyx,446,Julie,474,
614,Brixton,442,Julieta,473,
615,Raylan,442,Karsyn,473,
616,Rayan,441,Emmie,472,
617,Shiloh,440,Karina,472,
618,Colby,437,Carly,471,
619,Layton,437,Irene,471,
620,Valentino,437,Macy,470,
621,Trenton,435,Marie,470,
622,Landyn,432,Oaklee,467,
623,Gustavo,429,Ellis,466,
624,Alessandro,428,Malaysia,465,
625,Ander,428,Anne,463,
626,Ridge,428,Mara,463,
627,Ahmad,427,Rhea,463,
628,Kingsley,426,Jayda,462,
629,Issac,425,Anahi,460,
630,Ledger,425,Davina,460,
631,Mauricio,424,Dallas,458,
632,Tony,424,Marilyn,456,
633,Ahmed,423,Rosa,456,
634,Duke,423,Skyla,456,
635,Uriah,421,Mariam,455,
636,Leonard,419,Elora,454,
637,Aarav,418,Siena,454,
638,Mohammed,418,Megan,453,
639,Kareem,417,Milan,453,
640,Lucian,417,Jazmin,451,
641,Marcelo,417,Savanna,451,
642,Reign,417,Allyson,449,
643,Clay,416,Chelsea,449,
644,Kohen,415,Melany,449,
645,Leandro,415,Coraline,448,
646,Dennis,414,Johanna,448,
647,Ermias,413,Melina,444,
648,Otis,413,Michaela,443,
649,Samir,413,Angie,442,
650,Emir,409,Liberty,441,
651,Nixon,409,Cassandra,440,
652,Ty,409,Kassidy,440,
653,Fletcher,402,Opal,440,
654,Sam,402,Yara,440,
655,Wilson,401,Anya,438,
656,Dustin,400,Lilian,438,
657,Bryant,398,Avah,436,
658,Flynn,398,Laney,436,
659,Hamza,398,Amani,434,
660,Lionel,398,Navy,434,
661,Jamir,397,Zaylee,434,
662,Dakari,395,Chaya,433,
663,Mohammad,395,Mina,433,
664,Aden,393,Sloan,433,
665,Cason,393,Liv,431,
666,Justice,393,Ashlynn,430,
667,Layne,392,Romina,429,
668,Dillon,389,Aliza,427,
669,Zaid,389,Hadassah,426,
670,Alden,386,Janelle,426,
671,Chaim,385,Malaya,426,
672,Nelson,385,Blaire,425,
673,Devon,383,Kara,425,
674,Titan,382,Hayley,421,
675,Zeke,382,Analia,420,
676,Chris,381,Karla,420,
677,Khari,379,Cadence,416,
678,Yosef,377,Capri,416,
679,Alberto,376,Ellianna,416,
680,Noe,376,Katelyn,416,
681,Rex,376,Kyra,416,
682,Alvin,374,Laurel,415,
683,Azariah,374,Louise,415,
684,Roger,374,Alena,414,
685,Quinton,373,Kimber,414,
686,Brock,371,Kamiyah,413,
687,Marcel,370,Lina,413,
688,Kellan,369,Faye,412,
689,Cullen,368,Braelyn,411,
690,Lennon,368,Calliope,409,
691,Harlan,367,Kenna,409,
692,Keaton,367,Sunny,407,
693,Morgan,367,Tiana,406,
694,Langston,366,Nala,405,
695,Ricky,366,Aileen,404,
696,Miller,365,Kaydence,404,
697,Amos,364,Zariyah,403,
698,Trey,364,Giuliana,401,
699,Amias,362,Milana,401,
700,Karsyn,362,Monica,401,
701,Salvador,362,Eileen,399,
702,Tadeo,360,Elodie,399,
703,Anakin,358,Marina,399,
704,Curtis,358,Lara,396,
705,Lachlan,358,Rayna,396,
706,Tomas,355,Aliana,395,
707,Jefferson,354,Galilea,395,
708,Krew,354,Harmoni,395,
709,Korbin,353,Journi,394,
710,Bruno,352,Holland,393,
711,Cayson,352,Jamie,391,
712,Augustine,350,Emmalyn,390,
713,Jamie,349,Lacey,390,
714,Mathew,349,Ezra,389,
715,Clyde,347,Lauryn,388,
716,Vihaan,347,Chanel,387,
717,Nathanael,345,Jessie,387,
718,Carmelo,344,Tinsley,386,
719,Jagger,344,Elyse,385,
720,Aron,343,Jolie,385,
721,Brendan,343,Janiyah,384,
722,Harry,343,Lillie,384,
723,Jedidiah,343,Marleigh,384,
724,Mitchell,342,Louisa,383,
725,Ray,342,Madisyn,383,
726,Darren,340,Penny,383,
727,Jimmy,339,Roselyn,383,
728,Lochlan,337,Kinslee,381,
729,Reese,336,Treasure,375,
730,Bellamy,335,Zaniyah,375,
731,Eddie,335,Estella,373,
732,Joe,335,Jaylah,373,
733,Douglas,334,Khaleesi,373,
734,Houston,334,Saoirse,372,
735,Rayden,334,Alexia,370,
736,Stanley,334,Dulce,370,
737,Vincenzo,332,Indie,370,
738,Casen,330,Maxine,370,
739,Joziah,329,Rosalia,369,
740,Emery,328,Waverly,369,
741,Marcellus,327,Estrella,368,
742,Atreus,326,Greta,368,
743,Leighton,326,Miley,368,
744,Musa,325,Giovanna,367,
745,Alfredo,324,Teresa,366,
746,Tommy,324,Kelly,363,
747,Hugh,323,Mylah,363,
748,Neil,323,Aubrie,362,
749,Westley,323,Bridget,361,
750,Eliel,322,Harlee,361,
751,Junior,322,Naya,361,
752,Melvin,322,Adalee,360,
753,Banks,321,Anika,360,
754,Maximo,319,Hana,360,
755,Briar,318,Lea,360,
756,Colten,317,Avalynn,359,
757,Axl,316,Itzayana,359,
758,Caspian,316,Kaisley,359,
759,Nova,316,Keilani,358,
760,Lance,315,Mikaela,358,
761,Trace,315,Sevyn,358,
762,Brennan,314,Florence,356,
763,Deandre,314,Joelle,356,
764,Ramon,314,Margo,355,
765,Vicente,314,Kallie,354,
766,Legacy,313,Lyanna,353,
767,Remi,313,Kataleya,352,
768,Lee,312,Averi,351,
769,Louie,311,Royal,351,
770,Ben,310,Sylvie,351,
771,Valentin,308,Jazmine,350,
772,Benicio,305,Pearl,350,
773,Orlando,305,Rayne,350,
774,Westin,305,Winnie,350,
775,Wayne,304,Kori,349,
776,Rio,303,Martha,349,
777,Grey,302,Alaiya,348,
778,Bjorn,301,Baylee,348,
779,Zayd,301,Noemi,348,
780,Mekhi,300,Rebekah,348,
781,Gatlin,299,Brylee,346,
782,Harley,298,Chana,346,
783,Aldo,297,Julissa,346,
784,Alonso,296,Ryann,346,
785,Eliseo,294,Aya,345,
786,Talon,294,Haylee,345,
787,Thaddeus,294,Rosalee,345,
788,Byron,293,Celia,344,
789,Enoch,293,Laylah,344,
790,Lian,293,Rivka,344,
791,Ernesto,292,Adele,343,
792,Brecken,291,Bria,342,
793,Kace,291,Tiffany,342,
794,Kellen,291,Aubrielle,341,
795,Creed,290,Kai,340,
796,Kiaan,290,Addyson,339,
797,Ocean,290,Bellamy,339,
798,Jaxxon,289,Leilany,339,
799,Magnus,289,Estelle,338,
800,Mylo,289,Princess,338,
801,Rohan,289,Selene,336,
802,Crosby,288,Vienna,336,
803,Forest,288,Dani,335,
804,Gary,288,Ellen,335,
805,Ira,288,Mercy,335,
806,Salem,288,Sky,335,
807,Callahan,287,Thalia,335,
808,Dash,286,Vada,335,
809,Tru,286,Amelie,334,
810,Abdullah,285,Kynlee,334,
811,Carl,285,Novalee,334,
812,Jon,285,Raina,334,
813,Madden,285,Ramona,334,
814,Kye,284,Andi,333,
815,Braden,283,Livia,333,
816,Misael,283,Alianna,332,
817,Hassan,282,Linda,332,
818,Emory,281,Madalyn,332,
819,Ambrose,280,Sariyah,332,
820,Bode,280,Berkley,331,
821,Dario,280,Gwen,331,
822,Alaric,279,Persephone,331,
823,Kristian,279,Kamilah,330,
824,Allan,278,Milena,330,
825,Boden,278,Paula,330,
826,Anders,277,Clare,329,
827,Genesis,277,Kairi,329,
828,Idris,276,Karen,329,
829,Juelz,276,Marianna,328,
830,Kristopher,276,Paulina,328,
831,Yehuda,275,Theodora,328,
832,Ameer,273,Amoura,327,
833,Darian,273,Hunter,327,
834,Kase,273,Isabela,327,
835,Dane,272,Kyleigh,327,
836,Guillermo,272,Annika,326,
837,Jakobe,272,Keyla,325,
838,Aryan,271,Yareli,325,
839,Elisha,271,Nellie,324,
840,Eugene,271,Scarlette,324,
841,Larry,271,Bexley,322,
842,Thatcher,271,Kailey,322,
843,Dilan,270,Mavis,322,
844,Blaze,268,Sariah,322,
845,Bobby,268,Tori,322,
846,Ishaan,268,Aubriella,321,
847,Jadiel,268,Lilianna,321,
848,Kyro,268,Rosalyn,321,
849,Wesson,268,Bailee,319,
850,Bronson,267,Jianna,319,
851,Kole,267,Annabella,318,
852,Maurice,267,Denisse,318,
853,Alvaro,266,Keily,317,
854,Tristen,266,Promise,317,
855,Kamryn,265,August,316,
856,Brayan,264,Azariah,316,
857,Demetrius,264,Zaria,314,
858,Rudy,264,Hadlee,313,
859,Arian,263,Halle,313,
860,Rocky,263,Crystal,312,
861,Kabir,262,Oakleigh,312,
862,Randy,262,Fallon,311,
863,Yousef,262,Simone,311,
864,London,261,Aliya,310,
865,Rodney,261,Ila,310,
866,Van,260,Jaylin,310,
867,Aydin,259,Paisleigh,310,
868,Dior,259,Giana,309,
869,Felipe,259,Scout,309,
870,Kaiser,259,Cynthia,308,
871,Robin,259,Emmeline,308,
872,Brodie,258,Maleah,308,
873,Camilo,258,Denise,307,
874,Ulises,258,Rylan,307,
875,Branson,257,Zora,307,
876,Eithan,257,Aniya,306,
877,Judson,257,Noah,306,
878,Mordechai,257,Ainhoa,303,
879,Stefan,257,Lilyana,303,
880,Jakari,256,Meghan,303,
881,Blaine,255,Landry,302,
882,Damari,255,Belen,301,
883,Jakob,255,Cleo,301,
884,Rey,255,Noor,301,
885,Aries,254,Brynleigh,300,
886,Castiel,254,Meilani,300,
887,Yahir,254,Frida,298,
888,Zavier,254,Iliana,298,
889,Bentlee,253,Leanna,298,
890,Cain,253,Violeta,298,
891,Jaxx,253,Barbara,297,
892,Henrik,252,Addisyn,296,
893,Joey,252,Karter,296,
894,Kyng,252,Amaris,295,
895,Niklaus,252,Wrenley,295,
896,Zahir,252,Denver,294,
897,Kylen,251,Nancy,294,
898,Bear,250,Kiana,293,
899,Khalid,250,Aila,292,
900,Alfred,249,Aspyn,292,
901,Graysen,249,Khalani,292,
902,Jair,249,Braylee,290,
903,Zev,248,Ellison,290,
904,Darwin,247,Valery,290,
905,Zakai,247,Deborah,289,
906,Ayan,246,Anais,288,
907,Fisher,246,Iyla,288,
908,Harlem,246,Judith,288,
909,Kenji,245,Robin,288,
910,Leif,245,Cara,287,
911,Avi,244,Clarissa,286,
912,Cory,244,Nathalie,286,
913,Jacoby,244,Lexie,285,
914,Jamal,244,Della,284,
915,Maison,244,Kaylie,284,
916,Osiris,244,Alisson,283,
917,Reuben,244,Elsa,282,
918,Wallace,244,Zoya,282,
919,Santos,243,Addilynn,281,
920,Fox,242,Jovie,281,
921,Shepard,242,Veda,280,
922,Adler,241,Jaylee,279,
923,Brett,241,Kenia,279,
924,Zechariah,241,Etta,278,
925,Calum,240,Flora,278,
926,Kelvin,240,Layne,278,
927,Mccoy,240,Marlowe,278,
928,Azrael,239,Samira,278,
929,Bridger,239,Egypt,277,
930,Leroy,239,Jenesis,277,
931,Seven,239,Raquel,275,
932,Harold,237,Shay,275,
933,Mac,237,Amayah,274,
934,Terry,237,Avayah,274,
935,Blaise,235,Raya,274,
936,Ahmir,234,Zola,274,
937,Cal,234,Giavanna,273,
938,Trent,234,Whitney,273,
939,Coen,233,Halo,272,
940,Franco,233,Paloma,272,
941,Jeremias,233,Nataly,271,
942,Marley,233,Whitley,271,
943,Davion,232,Carolyn,270,
944,Dominik,232,Dalary,270,
945,Jones,232,Drew,270,
946,Canaan,231,Kamari,270,
947,Landry,231,Loretta,270,
948,Riggs,231,Natasha,270,
949,Damir,230,Malayah,269,
950,Dangelo,230,Emerald,268,
951,Dion,230,Esperanza,268,
952,Jabari,230,Freyja,268,
953,Will,230,Guadalupe,268,
954,Gerald,229,Paola,267,
955,Kody,229,Stormi,267,
956,Salvatore,229,Ansley,266,
957,Truett,228,Artemis,266,
958,Cillian,226,Jillian,266,
959,Hakeem,226,Aislinn,265,
960,Alistair,225,Corinne,265,
961,Kamdyn,225,Brittany,264,
962,Lyric,225,Kimora,264,
963,Foster,224,Zainab,264,
964,Gordon,224,Zoie,264,
965,Jovanni,224,Queen,263,
966,Murphy,224,Ayleen,262,
967,Terrance,224,Emmaline,262,
968,Zyair,223,Hadleigh,262,
969,Rome,222,Marceline,262,
970,Cedric,221,Nyomi,262,
971,Colter,220,Jaycee,261,
972,Frankie,220,Marisol,261,
973,Meir,220,Chandler,260,
974,Abner,219,Elina,260,
975,Vance,219,Elisabeth,260,
976,Xzavier,219,Joyce,260,
977,Dayton,218,Luella,260,
978,Eliezer,218,Murphy,260,
979,Jad,218,Susan,260,
980,Davian,217,Yasmin,260,
981,Rene,217,Zendaya,260,
982,Bishop,216,Emani,259,
983,Duncan,216,Violette,259,
984,Everest,216,Yamileth,259,
985,Marlon,216,Jaelynn,258,
986,Maxton,216,Kaiya,258,
987,Heath,215,Nathalia,258,
988,Jaxen,215,Paityn,258,
989,Jeffery,215,Emmalynn,257,
990,Reginald,215,Melani,257,
991,Wes,215,Aarya,256,
992,Willie,215,Araceli,256,
993,Kalel,214,Harleigh,256,
994,Keenan,214,Magdalena,256,
995,Korbyn,214,Kiera,255,
996,Harris,213,Luisa,255,
997,Jericho,213,Madalynn,255,
998,Rogelio,212,Zhuri,255,
999,Jerome,211,Mazikeen,254,
1000,Karim,211,Belle,253,
